INSERT INTO country (country_id, country, last_update) VALUES(6, 'Argentina', '2006-02-15 09:44:00.000');
INSERT INTO country (country_id, country, last_update) VALUES(8, 'Australia', '2006-02-15 09:44:00.000');
INSERT INTO country (country_id, country, last_update) VALUES(10, 'Azerbaijan',	'2006-02-15 09:44:00');
INSERT INTO country (country_id, country, last_update) VALUES(14, 'Bolivia', '2006-02-15 09:44:00.000');
INSERT INTO country (country_id, country, last_update) VALUES(15, 'Brazil', '2006-02-15 09:44:00.000');
INSERT INTO country (country_id, country, last_update) VALUES(20, 'Canada', '2006-02-15 09:44:00.000');
INSERT INTO country (country_id, country, last_update) VALUES(44, 'India', '2006-02-15 09:44:00.000');
INSERT INTO country (country_id, country, last_update) VALUES(45, 'Indonesia', '2006-02-15 09:44:00.000');
INSERT INTO country (country_id, country, last_update) VALUES(46, 'Iran', '2006-02-15 09:44:00.000');
INSERT INTO country (country_id, country, last_update) VALUES(48, 'Israel', '2006-02-15 09:44:00.000');
INSERT INTO country (country_id, country, last_update) VALUES(49, 'Italy', '2006-02-15 09:44:00.000');
INSERT INTO country (country_id, country, last_update) VALUES(60, 'Mexico', '2006-02-15 09:44:00.000');
INSERT INTO country (country_id, country, last_update) VALUES(72, 'Pakistan', '2006-02-15 09:44:00');
INSERT INTO country (country_id, country, last_update) VALUES(73, 'Paraguay', '2006-02-15 09:44:00.000');
INSERT INTO country (country_id, country, last_update) VALUES(74, 'Peru', '2006-02-15 09:44:00.000');
INSERT INTO country (country_id, country, last_update) VALUES(75, 'Philippines', '2006-02-15 09:44:00');
INSERT INTO country (country_id, country, last_update) VALUES(80, 'Russian Federation', '2006-02-15 09:44:00.000');
INSERT INTO country (country_id, country, last_update) VALUES(83, 'Senegal', '2006-02-15 09:44:00.000');
INSERT INTO country (country_id, country, last_update) VALUES(85, 'South Africa', '2006-02-15 09:44:00.000');
INSERT INTO country (country_id, country, last_update) VALUES(87, 'Spain', '2006-02-15 09:44:00.000');
INSERT INTO country (country_id, country, last_update) VALUES(88, 'Sri Lanka', '2006-02-15 09:44:00.000');
INSERT INTO country (country_id, country, last_update) VALUES(95, 'Tonga', '2006-02-15 09:44:00.000');
INSERT INTO country (country_id, country, last_update) VALUES(97, 'Turkey', '2006-02-15 09:44:00.000');
INSERT INTO country (country_id, country, last_update) VALUES(102, 'United Kingdom', '2006-02-15 09:44:00.000');
INSERT INTO country (country_id, country, last_update) VALUES(103, 'United States', '2006-02-15 09:44:00.000');
INSERT INTO country (country_id, country, last_update) VALUES(106, 'Virgin Islands, U.S.', '2006-02-15 09:44:00.000');

INSERT INTO city (city_id, city, country_id, last_update) VALUES(576, 'Woodridge', 8, '2006-02-15 09:45:25.000');
INSERT INTO city (city_id, city, country_id, last_update) VALUES(300, 'Lethbridge', 20, '2006-02-15 09:45:25.000');
INSERT INTO city (city_id, city, country_id, last_update) VALUES(20, 'Almirante Brown', 6, '2006-02-15 09:45:25.000');
INSERT INTO city (city_id, city, country_id, last_update) VALUES(501, 'Sucre', 14, '2006-02-15 09:45:25.000');
INSERT INTO city (city_id, city, country_id, last_update) VALUES(569, 'Vila Velha', 15, '2006-02-15 09:45:25.000');
INSERT INTO city (city_id, city, country_id, last_update) VALUES(426, 'Rajkot', 44, '2006-02-15 09:45:25.000');
INSERT INTO city (city_id, city, country_id, last_update) VALUES(550, 'Udaipur', 44, '2006-02-15 09:45:25.000');
INSERT INTO city (city_id, city, country_id, last_update) VALUES(117, 'Cianjur', 45, '2006-02-15 09:45:25.000');
INSERT INTO city (city_id, city, country_id, last_update) VALUES(514, 'Tabriz', 46, '2006-02-15 09:45:25.000');
INSERT INTO city (city_id, city, country_id, last_update) VALUES(533, 'Tel Aviv-Jaffa', 48, '2006-02-15 09:45:25.000');
INSERT INTO city (city_id, city, country_id, last_update) VALUES(309, 'Livorno', 49, '2006-02-15 09:45:25.000');
INSERT INTO city (city_id, city, country_id, last_update) VALUES(106, 'Celaya', 60, '2006-02-15 09:45:25.000');
INSERT INTO city (city_id, city, country_id, last_update) VALUES(246, 'Jos Azueta', 60, '2006-02-15 09:45:25.000');
INSERT INTO city (city_id, city, country_id, last_update) VALUES(453, 'San Lorenzo', 73, '2006-02-15 09:45:25.000');
INSERT INTO city (city_id, city, country_id, last_update) VALUES(503, 'Sullana', 74, '2006-02-15 09:45:25.000');
INSERT INTO city (city_id, city, country_id, last_update) VALUES(408, 'Pjatigorsk', 80, '2006-02-15 09:45:25.000');
INSERT INTO city (city_id, city, country_id, last_update) VALUES(254, 'Kaliningrad', 80, '2006-02-15 09:45:25.000');
INSERT INTO city (city_id, city, country_id, last_update) VALUES(308, 'Lipetsk', 80, '2006-02-15 09:45:25.000');
INSERT INTO city (city_id, city, country_id, last_update) VALUES(370, 'Nukualofa', 95, '2006-02-15 09:45:25.000');
INSERT INTO city (city_id, city, country_id, last_update) VALUES(482, 'Sivas', 97, '2006-02-15 09:45:25.000');
INSERT INTO city (city_id, city, country_id, last_update) VALUES(312, 'London', 102, '2006-02-15 09:45:25.000');
INSERT INTO city (city_id, city, country_id, last_update) VALUES(111, 'Charlotte Amalie', 106, '2006-02-15 09:45:25.000');
INSERT INTO city (city_id, city, country_id, last_update) VALUES(48, 'Baku', 10, '2006-02-15 09:45:25.000');
INSERT INTO city (city_id, city, country_id, last_update) VALUES(118, 'Ciomas', 45, '2006-02-15 09:45:25.000');
INSERT INTO city (city_id, city, country_id, last_update) VALUES(131, 'Cuernavaca', 60, '2006-02-15 09:45:25.000');
INSERT INTO city (city_id, city, country_id, last_update) VALUES(149, 'Dundee', 102, '2006-02-15 09:45:25.000');
INSERT INTO city (city_id, city, country_id, last_update) VALUES(190, 'guas Lindas de Gois', 15, '2006-02-15 09:45:25.000');
INSERT INTO city (city_id, city, country_id, last_update) VALUES(230, 'Jaffna', 88, '2006-02-15 09:45:25.000');
INSERT INTO city (city_id, city, country_id, last_update) VALUES(235, 'Jaroslavl', 80, '2006-02-15 09:45:25.000');
INSERT INTO city (city_id, city, country_id, last_update) VALUES(267, 'Kimberley', 85, '2006-02-15 09:45:25.000');
INSERT INTO city (city_id, city, country_id, last_update) VALUES(336, 'Miraj', 44, '2006-02-15 09:45:25.000');
INSERT INTO city (city_id, city, country_id, last_update) VALUES(375, 'Okara', 72, '2006-02-15 09:45:25.000');
INSERT INTO city (city_id, city, country_id, last_update) VALUES(410, 'Po', 15, '2006-02-15 09:45:25.000');
INSERT INTO city (city_id, city, country_id, last_update) VALUES(423, 'Qomsheh', 46, '2006-02-15 09:45:25.000');
INSERT INTO city (city_id, city, country_id, last_update) VALUES(446, 'Salinas', 103, '2006-02-15 09:45:25.000');
INSERT INTO city (city_id, city, country_id, last_update) VALUES(451, 'San Felipe del Progreso', 60, '2006-02-15 09:45:25.000');
INSERT INTO city (city_id, city, country_id, last_update) VALUES(459, 'Santiago de Compostela', 87, '2006-02-15 09:45:25.000');
INSERT INTO city (city_id, city, country_id, last_update) VALUES(467, 'Shahr-e Kord', 46, '2006-02-15 09:45:25.000');
INSERT INTO city (city_id, city, country_id, last_update) VALUES(505, 'Sumqayit', 10, '2006-02-15 09:45:25.000');
INSERT INTO city (city_id, city, country_id, last_update) VALUES(548, 'Tuguegarao', 75, '2006-02-15 09:45:25.000');
INSERT INTO city (city_id, city, country_id, last_update) VALUES(554, 'Uluberia', 44, '2006-02-15 09:45:25.000');
INSERT INTO city (city_id, city, country_id, last_update) VALUES(600, 'Ziguinchor', 83, '2006-02-15 09:45:25.000');



INSERT INTO address (address_id, address, address2, district, city_id, postal_code, phone, last_update) VALUES(1, '47 MySakila Drive', NULL, 'Alberta', 300, '', '', '2006-02-15 09:45:30.000');
INSERT INTO address (address_id, address, address2, district, city_id, postal_code, phone, last_update) VALUES(2, '28 MySQL Boulevard', NULL, 'QLD', 576, '', '', '2006-02-15 09:45:30.000');
INSERT INTO address (address_id, address, address2, district, city_id, postal_code, phone, last_update) VALUES(4, '1411 Lillydale Drive', NULL, 'QLD', 576, '', '6172235589', '2006-02-15 09:45:30.000');
INSERT INTO address (address_id, address, address2, district, city_id, postal_code, phone, last_update) VALUES(3, '23 Workhaven Lane', NULL, 'Alberta', 300, '', '14033335568', '2006-02-15 09:45:30.000');
INSERT INTO address (address_id, address, address2, district, city_id, postal_code, phone, last_update) VALUES(364, '1623 Kingstown Drive', '', 'Buenos Aires', 20, '91299', '296394569728', '2006-02-15 09:45:30.000');
INSERT INTO address (address_id, address, address2, district, city_id, postal_code, phone, last_update) VALUES(436, '287 Cuautla Boulevard', '', 'Chuquisaca', 501, '72736', '82619513349', '2006-02-15 09:45:30.000');
INSERT INTO address (address_id, address, address2, district, city_id, postal_code, phone, last_update) VALUES(43, '306 Antofagasta Place', '', 'Esprito Santo', 569, '3989', '378318851631', '2006-02-15 09:45:30.000');
INSERT INTO address (address_id, address, address2, district, city_id, postal_code, phone, last_update) VALUES(560, '1447 Imus Place', '', 'Gujarat', 426, '12905', '62127829280', '2006-02-15 09:45:30.000');
INSERT INTO address (address_id, address, address2, district, city_id, postal_code, phone, last_update) VALUES(174, '1877 Ezhou Lane', '', 'Rajasthan', 550, '63337', '264541743403', '2006-02-15 09:45:30.000');
INSERT INTO address (address_id, address, address2, district, city_id, postal_code, phone, last_update) VALUES(416, '1445 Carmen Parkway', '', 'West Java', 117, '70809', '598912394463', '2006-02-15 09:45:30.000');
INSERT INTO address (address_id, address, address2, district, city_id, postal_code, phone, last_update) VALUES(284, '600 Bradford Street', '', 'East Azerbaidzan', 514, '96204', '117592274996', '2006-02-15 09:45:30.000');
INSERT INTO address (address_id, address, address2, district, city_id, postal_code, phone, last_update) VALUES(165, '97 Shimoga Avenue', '', 'Tel Aviv', 533, '44660', '177167004331', '2006-02-15 09:45:30.000');
INSERT INTO address (address_id, address, address2, district, city_id, postal_code, phone, last_update) VALUES(547, '379 Lublin Parkway', '', 'Toscana', 309, '74568', '921960450089', '2006-02-15 09:45:30.000');
INSERT INTO address (address_id, address, address2, district, city_id, postal_code, phone, last_update) VALUES(593, '1402 Zanzibar Boulevard', '', 'Guanajuato', 106, '71102', '387448063440', '2006-02-15 09:45:30.000');
INSERT INTO address (address_id, address, address2, district, city_id, postal_code, phone, last_update) VALUES(587, '760 Miyakonojo Drive', '', 'Guerrero', 246, '64682', '294449058179', '2006-02-15 09:45:30.000');
INSERT INTO address (address_id, address, address2, district, city_id, postal_code, phone, last_update) VALUES(350, '1628 Nagareyama Lane', '', 'Central', 453, '60079', '20064292617', '2006-02-15 09:45:30.000');
INSERT INTO address (address_id, address, address2, district, city_id, postal_code, phone, last_update) VALUES(603, '1103 Quilmes Boulevard', '', 'Piura', 503, '52137', '644021380889', '2006-02-15 09:45:30.000');
INSERT INTO address (address_id, address, address2, district, city_id, postal_code, phone, last_update) VALUES(492, '185 Mannheim Lane', '', 'Stavropol', 408, '23661', '589377568313', '2006-02-15 09:45:30.000');
INSERT INTO address (address_id, address, address2, district, city_id, postal_code, phone, last_update) VALUES(306, '1883 Maikop Lane', '', 'Kaliningrad', 254, '68469', '96110042435', '2006-02-15 09:45:30.000');
INSERT INTO address (address_id, address, address2, district, city_id, postal_code, phone, last_update) VALUES(48, '1998 Halifax Drive', '', 'Lipetsk', 308, '76022', '177727722820', '2006-02-15 09:45:30.000');
INSERT INTO address (address_id, address, address2, district, city_id, postal_code, phone, last_update) VALUES(349, '1516 Escobar Drive', '', 'Tongatapu', 370, '46069', '64536069371', '2006-02-15 09:45:30.000');
INSERT INTO address (address_id, address, address2, district, city_id, postal_code, phone, last_update) VALUES(524, '680 A Corua (La Corua) Manor', '', 'Sivas', 482, '49806', '158326114853', '2006-02-15 09:45:30.000');
INSERT INTO address (address_id, address, address2, district, city_id, postal_code, phone, last_update) VALUES(256, '1497 Yuzhou Drive', '', 'England', 312, '3433', '246810237916', '2006-02-15 09:45:30.000');
INSERT INTO address (address_id, address, address2, district, city_id, postal_code, phone, last_update) VALUES(411, '264 Bhimavaram Manor', '', 'St Thomas', 111, '54749', '302526949177', '2006-02-15 09:45:30.000');
INSERT INTO address (address_id, address, address2, district, city_id, postal_code, phone, last_update) VALUES(23, '1417 Lancaster Avenue', '', 'Northern Cape', 267, '72192', '272572357893', '2006-02-15 09:45:30.000');
INSERT INTO address (address_id, address, address2, district, city_id, postal_code, phone, last_update) VALUES(130, '1666 Qomsheh Drive', '', 'So Paulo', 410, '66255', '582835362905', '2006-02-15 09:45:30.000');
INSERT INTO address (address_id, address, address2, district, city_id, postal_code, phone, last_update) VALUES(134, '758 Junan Lane', '', 'Gois', 190, '82639', '935448624185', '2006-02-15 09:45:30.000');
INSERT INTO address (address_id, address, address2, district, city_id, postal_code, phone, last_update) VALUES(146, '483 Ljubertsy Parkway', '', 'Scotland', 149, '60562', '581174211853', '2006-02-15 09:45:30.000');
INSERT INTO address (address_id, address, address2, district, city_id, postal_code, phone, last_update) VALUES(189, '927 Barcelona Street', '', 'Chaharmahal va Bakht', 467, '65121', '951486492670', '2006-02-15 09:45:30.000');
INSERT INTO address (address_id, address, address2, district, city_id, postal_code, phone, last_update) VALUES(226, '810 Palghat (Palakkad) Boulevard', '', 'Jaroslavl', 235, '73431', '516331171356', '2006-02-15 09:45:30.000');
INSERT INTO address (address_id, address, address2, district, city_id, postal_code, phone, last_update) VALUES(243, '47 Syktyvkar Lane', '', 'West Java', 118, '22236', '63937119031', '2006-02-15 09:45:30.000');
INSERT INTO address (address_id, address, address2, district, city_id, postal_code, phone, last_update) VALUES(266, '862 Xintai Lane', '', 'Cagayan Valley', 548, '30065', '265153400632', '2006-02-15 09:45:30.000');
INSERT INTO address (address_id, address, address2, district, city_id, postal_code, phone, last_update) VALUES(274, '920 Kumbakonam Loop', '', 'California', 446, '75090', '685010736240', '2006-02-15 09:45:30.000');
INSERT INTO address (address_id, address, address2, district, city_id, postal_code, phone, last_update) VALUES(321, '651 Pathankot Loop', '', 'Maharashtra', 336, '59811', '139378397418', '2006-02-15 09:45:30.000');
INSERT INTO address (address_id, address, address2, district, city_id, postal_code, phone, last_update) VALUES(324, '1145 Vilnius Manor', '', 'Mxico', 451, '73170', '674805712553', '2006-02-15 09:45:30.000');
INSERT INTO address (address_id, address, address2, district, city_id, postal_code, phone, last_update) VALUES(338, '431 Szkesfehrvr Avenue', '', 'Baki', 48, '57828', '119501405123', '2006-02-15 09:45:30.000');
INSERT INTO address (address_id, address, address2, district, city_id, postal_code, phone, last_update) VALUES(339, '503 Sogamoso Loop', '', 'Sumqayit', 505, '49812', '834626715837', '2006-02-15 09:45:30.000');
INSERT INTO address (address_id, address, address2, district, city_id, postal_code, phone, last_update) VALUES(404, '734 Bchar Place', '', 'Punjab', 375, '30586', '280578750435', '2006-02-15 09:45:30.000');
INSERT INTO address (address_id, address, address2, district, city_id, postal_code, phone, last_update) VALUES(413, '692 Amroha Drive', '', 'Northern', 230, '35575', '359478883004', '2006-02-15 09:45:30.000');
INSERT INTO address (address_id, address, address2, district, city_id, postal_code, phone, last_update) VALUES(451, '1704 Tambaram Manor', '', 'West Bengali', 554, '2834', '39463554936', '2006-02-15 09:45:30.000');
INSERT INTO address (address_id, address, address2, district, city_id, postal_code, phone, last_update) VALUES(461, '1889 Valparai Way', '', 'Ziguinchor', 600, '75559', '670370974122', '2006-02-15 09:45:30.000');
INSERT INTO address (address_id, address, address2, district, city_id, postal_code, phone, last_update) VALUES(464, '76 Kermanshah Manor', '', 'Esfahan', 423, '23343', '762361821578', '2006-02-15 09:45:30.000');
INSERT INTO address (address_id, address, address2, district, city_id, postal_code, phone, last_update) VALUES(555, '1764 Jalib al-Shuyukh Parkway', '', 'Galicia', 459, '77642', '84794532510', '2006-02-15 09:45:30.000');
INSERT INTO address (address_id, address, address2, district, city_id, postal_code, phone, last_update) VALUES(581, '186 Skikda Lane', '', 'Morelos', 131, '89422', '14465669789', '2006-02-15 09:45:30.000');


INSERT INTO staff (staff_id, first_name, last_name, address_id, email, store_id, active, username, password, last_update, picture) VALUES(2, 'Jon', 'Stephens', 4, 'Jon.Stephens@sakilastaff.com', 2, true, 'Jon', '8cb2237d0679ca88db6464eac60da96345513964', '2006-05-16 16:13:11.793', NULL);
INSERT INTO staff (staff_id, first_name, last_name, address_id, email, store_id, active, username, password, last_update, picture) VALUES(1, 'Mike', 'Hillyer', 3, 'Mike.Hillyer@sakilastaff.com', 1, true, 'Mike', '8cb2237d0679ca88db6464eac60da96345513964', '2006-05-16 16:13:11.793', NULL);

INSERT INTO store (store_id, manager_staff_id, address_id, last_update) VALUES(2, 2, 2, '2006-02-15 09:57:12.000');
INSERT INTO store (store_id, manager_staff_id, address_id, last_update) VALUES(1, 1, 1, '2006-02-15 09:57:12.000');

INSERT INTO customer (customer_id, store_id, first_name, last_name, email, address_id, activebool, create_date, last_update, active) VALUES(19, 1, 'Ruth', 'Martinez', 'ruth.martinez@sakilacustomer.org', 23, true, '2006-02-14', '2013-05-26 14:49:45.738', 1);
INSERT INTO customer (customer_id, store_id, first_name, last_name, email, address_id, activebool, create_date, last_update, active) VALUES(126, 1, 'Ellen', 'Simpson', 'ellen.simpson@sakilacustomer.org', 130, true, '2006-02-14', '2013-05-26 14:49:45.738', 1);
INSERT INTO customer (customer_id, store_id, first_name, last_name, email, address_id, activebool, create_date, last_update, active) VALUES(130, 1, 'Charlotte', 'Hunter', 'charlotte.hunter@sakilacustomer.org', 134, true, '2006-02-14', '2013-05-26 14:49:45.738', 1);
INSERT INTO customer (customer_id, store_id, first_name, last_name, email, address_id, activebool, create_date, last_update, active) VALUES(142, 1, 'April', 'Burns', 'april.burns@sakilacustomer.org', 146, true, '2006-02-14', '2013-05-26 14:49:45.738', 1);
INSERT INTO customer (customer_id, store_id, first_name, last_name, email, address_id, activebool, create_date, last_update, active) VALUES(185, 1, 'Roberta', 'Harper', 'roberta.harper@sakilacustomer.org', 189, true, '2006-02-14', '2013-05-26 14:49:45.738', 1);
INSERT INTO customer (customer_id, store_id, first_name, last_name, email, address_id, activebool, create_date, last_update, active) VALUES(222, 2, 'Delores', 'Hansen', 'delores.hansen@sakilacustomer.org', 226, true, '2006-02-14', '2013-05-26 14:49:45.738', 1);
INSERT INTO customer (customer_id, store_id, first_name, last_name, email, address_id, activebool, create_date, last_update, active) VALUES(239, 2, 'Minnie', 'Romero', 'minnie.romero@sakilacustomer.org', 243, true, '2006-02-14', '2013-05-26 14:49:45.738', 1);
INSERT INTO customer (customer_id, store_id, first_name, last_name, email, address_id, activebool, create_date, last_update, active) VALUES(261, 1, 'Deanna', 'Byrd', 'deanna.byrd@sakilacustomer.org', 266, true, '2006-02-14', '2013-05-26 14:49:45.738', 1);
INSERT INTO customer (customer_id, store_id, first_name, last_name, email, address_id, activebool, create_date, last_update, active) VALUES(269, 1, 'Cassandra', 'Walters', 'cassandra.walters@sakilacustomer.org', 274, true, '2006-02-14', '2013-05-26 14:49:45.738', 1);
INSERT INTO customer (customer_id, store_id, first_name, last_name, email, address_id, activebool, create_date, last_update, active) VALUES(316, 1, 'Steven', 'Curley', 'steven.curley@sakilacustomer.org', 321, true, '2006-02-14', '2013-05-26 14:49:45.738', 1);
INSERT INTO customer (customer_id, store_id, first_name, last_name, email, address_id, activebool, create_date, last_update, active) VALUES(319, 2, 'Ronald', 'Weiner', 'ronald.weiner@sakilacustomer.org', 324, true, '2006-02-14', '2013-05-26 14:49:45.738', 1);
INSERT INTO customer (customer_id, store_id, first_name, last_name, email, address_id, activebool, create_date, last_update, active) VALUES(333, 2, 'Andrew', 'Purdy', 'andrew.purdy@sakilacustomer.org', 338, true, '2006-02-14', '2013-05-26 14:49:45.738', 1);
INSERT INTO customer (customer_id, store_id, first_name, last_name, email, address_id, activebool, create_date, last_update, active) VALUES(334, 2, 'Raymond', 'Mcwhorter', 'raymond.mcwhorter@sakilacustomer.org', 339, true, '2006-02-14', '2013-05-26 14:49:45.738', 1);
INSERT INTO customer (customer_id, store_id, first_name, last_name, email, address_id, activebool, create_date, last_update, active) VALUES(399, 1, 'Danny', 'Isom', 'danny.isom@sakilacustomer.org', 404, true, '2006-02-14', '2013-05-26 14:49:45.738', 1);
INSERT INTO customer (customer_id, store_id, first_name, last_name, email, address_id, activebool, create_date, last_update, active) VALUES(408, 1, 'Manuel', 'Murrell', 'manuel.murrell@sakilacustomer.org', 413, true, '2006-02-14', '2013-05-26 14:49:45.738', 1);
INSERT INTO customer (customer_id, store_id, first_name, last_name, email, address_id, activebool, create_date, last_update, active) VALUES(446, 2, 'Theodore', 'Culp', 'theodore.culp@sakilacustomer.org', 451, true, '2006-02-14', '2013-05-26 14:49:45.738', 0);
INSERT INTO customer (customer_id, store_id, first_name, last_name, email, address_id, activebool, create_date, last_update, active) VALUES(456, 2, 'Ronnie', 'Ricketts', 'ronnie.ricketts@sakilacustomer.org', 461, true, '2006-02-14', '2013-05-26 14:49:45.738', 1);
INSERT INTO customer (customer_id, store_id, first_name, last_name, email, address_id, activebool, create_date, last_update, active) VALUES(459, 1, 'Tommy', 'Collazo', 'tommy.collazo@sakilacustomer.org', 464, true, '2006-02-14', '2013-05-26 14:49:45.738', 1);
INSERT INTO customer (customer_id, store_id, first_name, last_name, email, address_id, activebool, create_date, last_update, active) VALUES(549, 1, 'Nelson', 'Christenson', 'nelson.christenson@sakilacustomer.org', 555, true, '2006-02-14', '2013-05-26 14:49:45.738', 1);
INSERT INTO customer (customer_id, store_id, first_name, last_name, email, address_id, activebool, create_date, last_update, active) VALUES(575, 2, 'Isaac', 'Oglesby', 'isaac.oglesby@sakilacustomer.org', 581, true, '2006-02-14', '2013-05-26 14:49:45.738', 1);
INSERT INTO customer (customer_id, store_id, first_name, last_name, email, address_id, activebool, create_date, last_update, active) VALUES(39, 1, 'Debra', 'Nelson', 'debra.nelson@sakilacustomer.org', 43, true, '2006-02-14', '2013-05-26 14:49:45.738', 1);
INSERT INTO customer (customer_id, store_id, first_name, last_name, email, address_id, activebool, create_date, last_update, active) VALUES(44, 1, 'Marie', 'Turner', 'marie.turner@sakilacustomer.org', 48, true, '2006-02-14', '2013-05-26 14:49:45.738', 1);
INSERT INTO customer (customer_id, store_id, first_name, last_name, email, address_id, activebool, create_date, last_update, active) VALUES(161, 1, 'Geraldine', 'Perkins', 'geraldine.perkins@sakilacustomer.org', 165, true, '2006-02-14', '2013-05-26 14:49:45.738', 1);
INSERT INTO customer (customer_id, store_id, first_name, last_name, email, address_id, activebool, create_date, last_update, active) VALUES(170, 1, 'Beatrice', 'Arnold', 'beatrice.arnold@sakilacustomer.org', 174, true, '2006-02-14', '2013-05-26 14:49:45.738', 1);
INSERT INTO customer (customer_id, store_id, first_name, last_name, email, address_id, activebool, create_date, last_update, active) VALUES(252, 2, 'Mattie', 'Hoffman', 'mattie.hoffman@sakilacustomer.org', 256, true, '2006-02-14', '2013-05-26 14:49:45.738', 1);
INSERT INTO customer (customer_id, store_id, first_name, last_name, email, address_id, activebool, create_date, last_update, active) VALUES(279, 2, 'Dianne', 'Shelton', 'dianne.shelton@sakilacustomer.org', 284, true, '2006-02-14', '2013-05-26 14:49:45.738', 1);
INSERT INTO customer (customer_id, store_id, first_name, last_name, email, address_id, activebool, create_date, last_update, active) VALUES(301, 2, 'Robert', 'Baughman', 'robert.baughman@sakilacustomer.org', 306, true, '2006-02-14', '2013-05-26 14:49:45.738', 1);
INSERT INTO customer (customer_id, store_id, first_name, last_name, email, address_id, activebool, create_date, last_update, active) VALUES(344, 1, 'Henry', 'Billingsley', 'henry.billingsley@sakilacustomer.org', 349, true, '2006-02-14', '2013-05-26 14:49:45.738', 1);
INSERT INTO customer (customer_id, store_id, first_name, last_name, email, address_id, activebool, create_date, last_update, active) VALUES(345, 1, 'Carl', 'Artis', 'carl.artis@sakilacustomer.org', 350, true, '2006-02-14', '2013-05-26 14:49:45.738', 1);
INSERT INTO customer (customer_id, store_id, first_name, last_name, email, address_id, activebool, create_date, last_update, active) VALUES(359, 2, 'Willie', 'Markham', 'willie.markham@sakilacustomer.org', 364, true, '2006-02-14', '2013-05-26 14:49:45.738', 1);
INSERT INTO customer (customer_id, store_id, first_name, last_name, email, address_id, activebool, create_date, last_update, active) VALUES(406, 1, 'Nathan', 'Runyon', 'nathan.runyon@sakilacustomer.org', 411, true, '2006-02-14', '2013-05-26 14:49:45.738', 0);
INSERT INTO customer (customer_id, store_id, first_name, last_name, email, address_id, activebool, create_date, last_update, active) VALUES(411, 1, 'Norman', 'Currier', 'norman.currier@sakilacustomer.org', 416, true, '2006-02-14', '2013-05-26 14:49:45.738', 1);
INSERT INTO customer (customer_id, store_id, first_name, last_name, email, address_id, activebool, create_date, last_update, active) VALUES(431, 2, 'Joel', 'Francisco', 'joel.francisco@sakilacustomer.org', 436, true, '2006-02-14', '2013-05-26 14:49:45.738', 1);
INSERT INTO customer (customer_id, store_id, first_name, last_name, email, address_id, activebool, create_date, last_update, active) VALUES(487, 2, 'Hector', 'Poindexter', 'hector.poindexter@sakilacustomer.org', 492, true, '2006-02-14', '2013-05-26 14:49:45.738', 1);
INSERT INTO customer (customer_id, store_id, first_name, last_name, email, address_id, activebool, create_date, last_update, active) VALUES(518, 1, 'Gabriel', 'Harder', 'gabriel.harder@sakilacustomer.org', 524, true, '2006-02-14', '2013-05-26 14:49:45.738', 1);
INSERT INTO customer (customer_id, store_id, first_name, last_name, email, address_id, activebool, create_date, last_update, active) VALUES(541, 2, 'Darren', 'Windham', 'darren.windham@sakilacustomer.org', 547, true, '2006-02-14', '2013-05-26 14:49:45.738', 1);
INSERT INTO customer (customer_id, store_id, first_name, last_name, email, address_id, activebool, create_date, last_update, active) VALUES(554, 1, 'Dwayne', 'Olvera', 'dwayne.olvera@sakilacustomer.org', 560, true, '2006-02-14', '2013-05-26 14:49:45.738', 1);
INSERT INTO customer (customer_id, store_id, first_name, last_name, email, address_id, activebool, create_date, last_update, active) VALUES(581, 1, 'Virgil', 'Wofford', 'virgil.wofford@sakilacustomer.org', 587, true, '2006-02-14', '2013-05-26 14:49:45.738', 1);
INSERT INTO customer (customer_id, store_id, first_name, last_name, email, address_id, activebool, create_date, last_update, active) VALUES(587, 1, 'Sergio', 'Stanfield', 'sergio.stanfield@sakilacustomer.org', 593, true, '2006-02-14', '2013-05-26 14:49:45.738', 1);
INSERT INTO customer (customer_id, store_id, first_name, last_name, email, address_id, activebool, create_date, last_update, active) VALUES(597, 1, 'Freddie', 'Duggan', 'freddie.duggan@sakilacustomer.org', 603, true, '2006-02-14', '2013-05-26 14:49:45.738', 1);

INSERT INTO language (language_id, name, last_update) VALUES(1, 'English             ', '2006-02-15 10:02:19.000');

INSERT INTO film (film_id, title, description, release_year, language_id, rental_duration, rental_rate, length, replacement_cost, rating, last_update, special_features, fulltext) VALUES(1, 'Academy Dinosaur', 'A Epic Drama of a Feminist And a Mad Scientist who must Battle a Teacher in The Canadian Rockies', 2006, 1, 6, 0.99, 86, 20.99, 'PG', '2018-09-19 11:05:36.560', '{Deleted Scenes,Behind the Scenes}', '');
INSERT INTO film (film_id, title, description, release_year, language_id, rental_duration, rental_rate, length, replacement_cost, rating, last_update, special_features, fulltext) VALUES(2, 'Ace Goldfinger', 'A Astounding Epistle of a Database Administrator And a Explorer who must Find a Car in Ancient China', 2006, 1, 3, 4.99, 48, 12.99, 'G', '2018-09-19 11:05:36.560', '{Trailers,Deleted Scenes}', '');
INSERT INTO film (film_id, title, description, release_year, language_id, rental_duration, rental_rate, length, replacement_cost, rating, last_update, special_features, fulltext) VALUES(3, 'Adaptation Holes', 'A Astounding Reflection of a Lumberjack And a Car who must Sink a Lumberjack in A Baloon Factory', 2006, 1, 7, 2.99, 50, 18.99, 'NC-17', '2018-09-19 11:05:36.560', '{Trailers,Deleted Scenes}', '');
INSERT INTO film (film_id, title, description, release_year, language_id, rental_duration, rental_rate, length, replacement_cost, rating, last_update, special_features, fulltext) VALUES(4, 'Affair Prejudice', 'A Fanciful Documentary of a Frisbee And a Lumberjack who must Chase a Monkey in A Shark Tank', 2006, 1, 5, 2.99, 117, 26.99, 'G', '2018-09-19 11:05:36.560', '{Commentaries,Behind the Scenes}', '');
INSERT INTO film (film_id, title, description, release_year, language_id, rental_duration, rental_rate, length, replacement_cost, rating, last_update, special_features, fulltext) VALUES(5, 'African Egg', 'A Fast-Paced Documentary of a Pastry Chef And a Dentist who must Pursue a Forensic Psychologist in The Gulf of Mexico', 2006, 1, 6, 2.99, 130, 22.99, 'G', '2018-09-19 11:05:36.560', '{Deleted Scenes}', '');
INSERT INTO film (film_id, title, description, release_year, language_id, rental_duration, rental_rate, length, replacement_cost, rating, last_update, special_features, fulltext) VALUES(6, 'Agent Truman', 'A Intrepid Panorama of a Robot And a Boy who must Escape a Sumo Wrestler in Ancient China', 2006, 1, 3, 2.99, 169, 17.99, 'PG', '2018-09-19 11:05:36.560', '{Deleted Scenes}', '');
INSERT INTO film (film_id, title, description, release_year, language_id, rental_duration, rental_rate, length, replacement_cost, rating, last_update, special_features, fulltext) VALUES(7, 'Airplane Sierra', 'A Touching Saga of a Hunter And a Butler who must Discover a Butler in A Jet Boat', 2006, 1, 6, 4.99, 62, 28.99, 'PG-13', '2018-09-19 11:05:36.560', '{Trailers,Deleted Scenes}', '');
INSERT INTO film (film_id, title, description, release_year, language_id, rental_duration, rental_rate, length, replacement_cost, rating, last_update, special_features, fulltext) VALUES(8, 'Airport Pollock', 'A Epic Tale of a Moose And a Girl who must Confront a Monkey in Ancient India', 2006, 1, 6, 4.99, 54, 15.99, 'R', '2018-09-19 11:05:36.560', '{Trailers}', '');
INSERT INTO film (film_id, title, description, release_year, language_id, rental_duration, rental_rate, length, replacement_cost, rating, last_update, special_features, fulltext) VALUES(9, 'Alabama Devil', 'A Thoughtful Panorama of a Database Administrator And a Mad Scientist who must Outgun a Mad Scientist in A Jet Boat', 2006, 1, 3, 2.99, 114, 21.99, 'PG-13','2018-09-19 11:05:36', '{Trailers,Deleted Scenes}', '');
INSERT INTO film (film_id, title, description, release_year, language_id, rental_duration, rental_rate, length, replacement_cost, rating, last_update, special_features, fulltext) VALUES(10, 'Aladdin Calendar', 'A Action-Packed Tale of a Man And a Lumberjack who must Reach a Feminist in Ancient China', 2006, 1, 6, 4.99, 63, 24.99, 'NC-17', '2018-09-19 11:05:36.560', '{Trailers,Deleted Scenes}', '');
INSERT INTO film (film_id, title, description, release_year, language_id, rental_duration, rental_rate, length, replacement_cost, rating, last_update, special_features, fulltext) VALUES(11, 'Alamo Videotape', 'A Boring Epistle of a Butler And a Cat who must Fight a Pastry Chef in A MySQL Convention', 2006, 1, 6, 0.99, 126, 16.99, 'G', '2018-09-19 11:05:36.560', '{Commentaries,Behind the Scenes}', '');
INSERT INTO film (film_id, title, description, release_year, language_id, rental_duration, rental_rate, length, replacement_cost, rating, last_update, special_features, fulltext) VALUES(12, 'Alaska Phantom', 'A Fanciful Saga of a Hunter And a Pastry Chef who must Vanquish a Boy in Australia', 2006, 1, 6, 0.99, 136, 22.99, 'PG', '2018-09-19 11:05:36.560', '{Commentaries,Deleted Scenes}', '');
INSERT INTO film (film_id, title, description, release_year, language_id, rental_duration, rental_rate, length, replacement_cost, rating, last_update, special_features, fulltext) VALUES(13, 'Ali Forever', 'A Action-Packed Drama of a Dentist And a Crocodile who must Battle a Feminist in The Canadian Rockies', 2006, 1, 4, 4.99, 150, 21.99, 'PG', '2018-09-19 11:05:36.560', '{Deleted Scenes,Behind the Scenes}', '');
INSERT INTO film (film_id, title, description, release_year, language_id, rental_duration, rental_rate, length, replacement_cost, rating, last_update, special_features, fulltext) VALUES(15, 'Alien Center', 'A Brilliant Drama of a Cat And a Mad Scientist who must Battle a Feminist in A MySQL Convention', 2006, 1, 5, 2.99, 46, 10.99, 'NC-17', '2018-09-19 11:05:36.560', '{Trailers,Commentaries,Behind the Scenes}', '');
INSERT INTO film (film_id, title, description, release_year, language_id, rental_duration, rental_rate, length, replacement_cost, rating, last_update, special_features, fulltext) VALUES(16, 'Alley Evolution', 'A Fast-Paced Drama of a Robot And a Composer who must Battle a Astronaut in New Orleans', 2006, 1, 6, 2.99, 180, 23.99, 'NC-17', '2018-09-19 11:05:36.560', '{Trailers,Commentaries}', '');
INSERT INTO film (film_id, title, description, release_year, language_id, rental_duration, rental_rate, length, replacement_cost, rating, last_update, special_features, fulltext) VALUES(17, 'Alone Trip', 'A Fast-Paced Character Study of a Composer And a Dog who must Outgun a Boat in An Abandoned Fun House', 2006, 1, 3, 0.99, 82, 14.99, 'R', '2018-09-19 11:05:36.560', '{Trailers,Behind the Scenes}', '');
INSERT INTO film (film_id, title, description, release_year, language_id, rental_duration, rental_rate, length, replacement_cost, rating, last_update, special_features, fulltext) VALUES(18, 'Alter Victory', 'A Thoughtful Drama of a Composer And a Feminist who must Meet a Secret Agent in The Canadian Rockies', 2006, 1, 6, 0.99, 57, 27.99, 'PG-13', '2018-09-19 11:05:36.560', '{Trailers,Behind the Scenes}', '');
INSERT INTO film (film_id, title, description, release_year, language_id, rental_duration, rental_rate, length, replacement_cost, rating, last_update, special_features, fulltext) VALUES(19, 'Amadeus Holy', 'A Emotional Display of a Pioneer And a Technical Writer who must Battle a Man in A Baloon', 2006, 1, 6, 0.99, 113, 20.99, 'PG', '2018-09-19 11:05:36.560', '{Commentaries,Deleted Scenes,Behind the Scenes}', '');
INSERT INTO film (film_id, title, description, release_year, language_id, rental_duration, rental_rate, length, replacement_cost, rating, last_update, special_features, fulltext) VALUES(20, 'Amelie Hellfighters', 'A Boring Drama of a Woman And a Squirrel who must Conquer a Student in A Baloon', 2006, 1, 4, 4.99, 79, 23.99, 'R', '2018-09-19 11:05:36.560', '{Commentaries,Deleted Scenes,Behind the Scenes}', '');
INSERT INTO film (film_id, title, description, release_year, language_id, rental_duration, rental_rate, length, replacement_cost, rating, last_update, special_features, fulltext) VALUES(21, 'American Circus', 'A Insightful Drama of a Girl And a Astronaut who must Face a Database Administrator in A Shark Tank', 2006, 1, 3, 4.99, 129, 17.99, 'R', '2018-09-19 11:05:36.560', '{Commentaries,Behind the Scenes}', '');

INSERT INTO inventory (inventory_id, film_id, store_id, last_update) VALUES(1, 1, 1, '2006-02-15 10:09:17.000');
INSERT INTO inventory (inventory_id, film_id, store_id, last_update) VALUES(2, 1, 1, '2006-02-15 10:09:17.000');
INSERT INTO inventory (inventory_id, film_id, store_id, last_update) VALUES(3, 1, 1, '2006-02-15 10:09:17.000');
INSERT INTO inventory (inventory_id, film_id, store_id, last_update) VALUES(4, 1, 1, '2006-02-15 10:09:17.000');
INSERT INTO inventory (inventory_id, film_id, store_id, last_update) VALUES(6, 1, 2, '2006-02-15 10:09:17.000');
INSERT INTO inventory (inventory_id, film_id, store_id, last_update) VALUES(7, 1, 2, '2006-02-15 10:09:17.000');
INSERT INTO inventory (inventory_id, film_id, store_id, last_update) VALUES(8, 1, 2, '2006-02-15 10:09:17.000');
INSERT INTO inventory (inventory_id, film_id, store_id, last_update) VALUES(9, 2, 2, '2006-02-15 10:09:17.000');
INSERT INTO inventory (inventory_id, film_id, store_id, last_update) VALUES(10, 2, 2, '2006-02-15 10:09:17.000');
INSERT INTO inventory (inventory_id, film_id, store_id, last_update) VALUES(11, 2, 2, '2006-02-15 10:09:17.000');
INSERT INTO inventory (inventory_id, film_id, store_id, last_update) VALUES(12, 3, 2, '2006-02-15 10:09:17.000');
INSERT INTO inventory (inventory_id, film_id, store_id, last_update) VALUES(13, 3, 2, '2006-02-15 10:09:17.000');
INSERT INTO inventory (inventory_id, film_id, store_id, last_update) VALUES(14, 3, 2, '2006-02-15 10:09:17.000');
INSERT INTO inventory (inventory_id, film_id, store_id, last_update) VALUES(15, 3, 2, '2006-02-15 10:09:17.000');
INSERT INTO inventory (inventory_id, film_id, store_id, last_update) VALUES(16, 4, 1, '2006-02-15 10:09:17.000');
INSERT INTO inventory (inventory_id, film_id, store_id, last_update) VALUES(17, 4, 1, '2006-02-15 10:09:17.000');
INSERT INTO inventory (inventory_id, film_id, store_id, last_update) VALUES(18, 4, 1, '2006-02-15 10:09:17.000');
INSERT INTO inventory (inventory_id, film_id, store_id, last_update) VALUES(19, 4, 1, '2006-02-15 10:09:17.000');
INSERT INTO inventory (inventory_id, film_id, store_id, last_update) VALUES(20, 4, 2, '2006-02-15 10:09:17.000');
INSERT INTO inventory (inventory_id, film_id, store_id, last_update) VALUES(21, 4, 2, '2006-02-15 10:09:17.000');

INSERT INTO rental (rental_id, rental_date, inventory_id, customer_id, return_date, staff_id, last_update) VALUES(361, '2005-05-27 07:03:28.000', 6, 587, '2005-05-31 08:01:28.000', 1, '2006-02-16 02:30:53.000');
INSERT INTO rental (rental_id, rental_date, inventory_id, customer_id, return_date, staff_id, last_update) VALUES(465, '2005-05-27 20:44:36.000', 20, 261, '2005-06-02 02:43:36.000', 1, '2006-02-16 02:30:53.000');
INSERT INTO rental (rental_id, rental_date, inventory_id, customer_id, return_date, staff_id, last_update) VALUES(972, '2005-05-30 20:21:07.000', 2, 411, '2005-06-06 00:36:07.000', 1, '2006-02-16 02:30:53.000');
INSERT INTO rental (rental_id, rental_date, inventory_id, customer_id, return_date, staff_id, last_update) VALUES(1210, '2005-06-15 02:57:51.000', 7, 345, '2005-06-20 01:41:51.000', 2, '2006-02-16 02:30:53.000');
INSERT INTO rental (rental_id, rental_date, inventory_id, customer_id, return_date, staff_id, last_update) VALUES(2117, '2005-06-17 20:24:00.000', 2, 170, '2005-06-23 17:45:00.000', 2, '2006-02-16 02:30:53.000');
INSERT INTO rental (rental_id, rental_date, inventory_id, customer_id, return_date, staff_id, last_update) VALUES(3201, '2005-06-21 00:30:26.000', 6, 597, '2005-06-28 03:42:26.000', 1, '2006-02-16 02:30:53.000');
INSERT INTO rental (rental_id, rental_date, inventory_id, customer_id, return_date, staff_id, last_update) VALUES(3506, '2005-07-06 00:22:29.000', 19, 459, '2005-07-07 22:15:29.000', 1, '2006-02-16 02:30:53.000');
INSERT INTO rental (rental_id, rental_date, inventory_id, customer_id, return_date, staff_id, last_update) VALUES(4187, '2005-07-07 10:41:31.000', 2, 161, '2005-07-11 06:25:31.000', 1, '2006-02-16 02:30:53.000');
INSERT INTO rental (rental_id, rental_date, inventory_id, customer_id, return_date, staff_id, last_update) VALUES(4390, '2005-07-07 20:59:06.000', 6, 44, '2005-07-09 00:04:06.000', 2, '2006-02-16 02:30:53.000');
INSERT INTO rental (rental_id, rental_date, inventory_id, customer_id, return_date, staff_id, last_update) VALUES(4863, '2005-07-08 19:03:15.000', 1, 431, '2005-07-11 21:29:15.000', 2, '2006-02-16 02:30:53.000');
INSERT INTO rental (rental_id, rental_date, inventory_id, customer_id, return_date, staff_id, last_update) VALUES(5766, '2005-07-10 13:07:31.000', 7, 406, '2005-07-16 13:03:31.000', 1, '2006-02-16 02:30:53.000');
INSERT INTO rental (rental_id, rental_date, inventory_id, customer_id, return_date, staff_id, last_update) VALUES(7168, '2005-07-27 07:51:11.000', 6, 252, '2005-08-01 04:08:11.000', 2, '2006-02-16 02:30:53.000');
INSERT INTO rental (rental_id, rental_date, inventory_id, customer_id, return_date, staff_id, last_update) VALUES(7586, '2005-07-27 23:19:29.000', 15, 316, '2005-07-29 23:04:29.000', 1, '2006-02-16 02:30:53.000');
INSERT INTO rental (rental_id, rental_date, inventory_id, customer_id, return_date, staff_id, last_update) VALUES(8510, '2005-07-29 09:41:38.000', 7, 487, '2005-08-05 05:30:38.000', 2, '2006-02-16 02:30:53.000');
INSERT INTO rental (rental_id, rental_date, inventory_id, customer_id, return_date, staff_id, last_update) VALUES(9449, '2005-07-30 22:02:34.000', 2, 581, '2005-08-06 02:09:34.000', 1, '2006-02-16 02:30:53.000');
INSERT INTO rental (rental_id, rental_date, inventory_id, customer_id, return_date, staff_id, last_update) VALUES(9863, '2005-07-31 13:05:29.000', 19, 239, '2005-08-08 12:33:29.000', 1, '2006-02-16 02:30:53.000');
INSERT INTO rental (rental_id, rental_date, inventory_id, customer_id, return_date, staff_id, last_update) VALUES(10126, '2005-07-31 21:36:07.000', 3, 39, '2005-08-03 23:59:07.000', 1, '2006-02-16 02:30:53.000');
INSERT INTO rental (rental_id, rental_date, inventory_id, customer_id, return_date, staff_id, last_update) VALUES(10883, '2005-08-02 00:47:19.000', 4, 301, '2005-08-03 00:02:19.000', 1, '2006-02-16 02:30:53.000');
INSERT INTO rental (rental_id, rental_date, inventory_id, customer_id, return_date, staff_id, last_update) VALUES(11433, '2005-08-02 20:13:10.000', 1, 518, '2005-08-11 21:35:10.000', 1, '2006-02-16 02:30:53.000');
INSERT INTO rental (rental_id, rental_date, inventory_id, customer_id, return_date, staff_id, last_update) VALUES(14098, '2005-08-21 00:30:32.000', 6, 554, '2005-08-30 20:08:01.000', 2, '2006-02-23 09:12:08.000');
INSERT INTO rental (rental_id, rental_date, inventory_id, customer_id, return_date, staff_id, last_update) VALUES(14624, '2005-08-21 18:32:42.000', 4, 344, '2005-08-23 21:09:42.000', 1, '2006-02-16 02:30:53.000');
INSERT INTO rental (rental_id, rental_date, inventory_id, customer_id, return_date, staff_id, last_update) VALUES(14714, '2005-08-21 21:27:43.000', 1, 279, '2005-08-30 22:26:43.000', 1, '2006-02-16 02:30:53.000');
INSERT INTO rental (rental_id, rental_date, inventory_id, customer_id, return_date, staff_id, last_update) VALUES(15421, '2005-08-22 23:56:37.000', 3, 541, '2005-08-25 18:58:37.000', 2, '2006-02-16 02:30:53.000');
INSERT INTO rental (rental_id, rental_date, inventory_id, customer_id, return_date, staff_id, last_update) VALUES(15453, '2005-08-23 01:01:01.000', 2, 359, '2005-08-30 20:08:01.000', 1, '2006-02-16 02:30:53.000');
INSERT INTO rental (rental_id, rental_date, inventory_id, customer_id, return_date, staff_id, last_update) VALUES(15788, '2005-08-23 13:54:39.000', 13, 269, '2005-08-26 10:17:39.000', 1, '2006-02-16 02:30:53.000');

INSERT INTO payment (payment_id, customer_id, staff_id, rental_id, amount, payment_date) VALUES(17522, 345, 2, 1210, 0.99, '2007-02-15 01:26:17.996');
INSERT INTO payment (payment_id, customer_id, staff_id, rental_id, amount, payment_date) VALUES(19147, 170, 2, 2117, 0.99, '2007-02-17 18:52:26.996');
INSERT INTO payment (payment_id, customer_id, staff_id, rental_id, amount, payment_date) VALUES(18462, 597, 1, 3201, 1.99, '2007-02-20 22:58:52.996');
INSERT INTO payment (payment_id, customer_id, staff_id, rental_id, amount, payment_date) VALUES(27319, 459, 1, 3506, 2.99, '2007-04-05 22:50:55.996');
INSERT INTO payment (payment_id, customer_id, staff_id, rental_id, amount, payment_date) VALUES(30820, 161, 2, 4187, 0.99, '2007-04-07 09:09:57.996');
INSERT INTO payment (payment_id, customer_id, staff_id, rental_id, amount, payment_date) VALUES(29492, 44, 2, 4390, 0.99, '2007-04-07 19:27:32.996');
INSERT INTO payment (payment_id, customer_id, staff_id, rental_id, amount, payment_date) VALUES(27023, 431, 1, 4863, 0.99, '2007-04-08 17:31:41.996');
INSERT INTO payment (payment_id, customer_id, staff_id, rental_id, amount, payment_date) VALUES(26743, 406, 1, 5766, 0.99, '2007-04-10 11:35:57.996');
INSERT INTO payment (payment_id, customer_id, staff_id, rental_id, amount, payment_date) VALUES(31757, 252, 2, 7168, 0.99, '2007-04-27 06:19:37.996');
INSERT INTO payment (payment_id, customer_id, staff_id, rental_id, amount, payment_date) VALUES(25726, 316, 2, 7586, 2.99, '2007-04-27 21:47:55.996');
INSERT INTO payment (payment_id, customer_id, staff_id, rental_id, amount, payment_date) VALUES(27651, 487, 2, 8510, 1.99, '2007-04-29 08:10:04.996');
INSERT INTO payment (payment_id, customer_id, staff_id, rental_id, amount, payment_date) VALUES(28696, 581, 1, 9449, 1.99, '2007-04-30 20:31:00.996');
INSERT INTO payment (payment_id, customer_id, staff_id, rental_id, amount, payment_date) VALUES(31625, 239, 1, 9863, 5.99, '2007-04-30 11:33:55.996');
INSERT INTO payment (payment_id, customer_id, staff_id, rental_id, amount, payment_date) VALUES(29437, 39, 1, 10126, 0.99, '2007-04-30 20:04:33.996');
INSERT INTO payment (payment_id, customer_id, staff_id, rental_id, amount, payment_date) VALUES(19853, 301, 1, 10883, 0.99, '2007-03-01 23:15:45.996');
INSERT INTO payment (payment_id, customer_id, staff_id, rental_id, amount, payment_date) VALUES(21895, 518, 2, 11433, 3.99, '2007-03-02 18:41:36.996');
INSERT INTO payment (payment_id, customer_id, staff_id, rental_id, amount, payment_date) VALUES(22226, 554, 1, 14098, 3.99, '2007-03-20 22:58:58.996');
INSERT INTO payment (payment_id, customer_id, staff_id, rental_id, amount, payment_date) VALUES(20238, 344, 2, 14624, 0.99, '2007-03-21 17:01:08.996');
INSERT INTO payment (payment_id, customer_id, staff_id, rental_id, amount, payment_date) VALUES(19665, 279, 1, 14714, 3.99, '2007-03-21 19:56:09.996');
INSERT INTO payment (payment_id, customer_id, staff_id, rental_id, amount, payment_date) VALUES(22117, 541, 1, 15421, 0.99, '2007-03-22 22:25:03.996');
INSERT INTO payment (payment_id, customer_id, staff_id, rental_id, amount, payment_date) VALUES(20370, 359, 1, 15453, 1.99, '2007-03-22 23:29:27.996');
INSERT INTO payment (payment_id, customer_id, staff_id, rental_id, amount, payment_date) VALUES(19548, 269, 2, 15788, 2.99, '2007-03-23 12:23:05.996');

INSERT INTO actor (actor_id, first_name, last_name, last_update) VALUES(1, 'Penelope', 'Guiness', '2013-05-26 14:47:57.620');
INSERT INTO actor (actor_id, first_name, last_name, last_update) VALUES(2, 'Nick', 'Wahlberg', '2013-05-26 14:47:57.620');
INSERT INTO actor (actor_id, first_name, last_name, last_update) VALUES(3, 'Ed', 'Chase', '2013-05-26 14:47:57.620');
INSERT INTO actor (actor_id, first_name, last_name, last_update) VALUES(5, 'Johnny', 'Lollobrigida', '2013-05-26 14:47:57.620');
INSERT INTO actor (actor_id, first_name, last_name, last_update) VALUES(10, 'Christian', 'Gable', '2013-05-26 14:47:57.620');
INSERT INTO actor (actor_id, first_name, last_name, last_update) VALUES(12, 'Karl', 'Berry', '2013-05-26 14:47:57.620');
INSERT INTO actor (actor_id, first_name, last_name, last_update) VALUES(13, 'Uma', 'Wood', '2013-05-26 14:47:57.620');
INSERT INTO actor (actor_id, first_name, last_name, last_update) VALUES(19, 'Bob', 'Fawcett', '2013-05-26 14:47:57.620');
INSERT INTO actor (actor_id, first_name, last_name, last_update) VALUES(20, 'Lucille', 'Tracy', '2013-05-26 14:47:57.620');
INSERT INTO actor (actor_id, first_name, last_name, last_update) VALUES(21, 'Kirsten', 'Paltrow', '2013-05-26 14:47:57.620');
INSERT INTO actor (actor_id, first_name, last_name, last_update) VALUES(22, 'Elvis', 'Marx', '2013-05-26 14:47:57.620');
INSERT INTO actor (actor_id, first_name, last_name, last_update) VALUES(23, 'Sandra', 'Kilmer', '2013-05-26 14:47:57.620');
INSERT INTO actor (actor_id, first_name, last_name, last_update) VALUES(24, 'Cameron', 'Streep', '2013-05-26 14:47:57.620');
INSERT INTO actor (actor_id, first_name, last_name, last_update) VALUES(25, 'Kevin', 'Bloom', '2013-05-26 14:47:57.620');
INSERT INTO actor (actor_id, first_name, last_name, last_update) VALUES(26, 'Rip', 'Crawford', '2013-05-26 14:47:57.620');
INSERT INTO actor (actor_id, first_name, last_name, last_update) VALUES(27, 'Julia', 'Mcqueen', '2013-05-26 14:47:57.620');
INSERT INTO actor (actor_id, first_name, last_name, last_update) VALUES(28, 'Woody', 'Hoffman', '2013-05-26 14:47:57.620');
INSERT INTO actor (actor_id, first_name, last_name, last_update) VALUES(29, 'Alec', 'Wayne', '2013-05-26 14:47:57.620');
INSERT INTO actor (actor_id, first_name, last_name, last_update) VALUES(30, 'Sandra', 'Peck', '2013-05-26 14:47:57.620');
INSERT INTO actor (actor_id, first_name, last_name, last_update) VALUES(35, 'Judy', 'Dean', '2013-05-26 14:47:57.620');

INSERT INTO category (category_id, name, last_update) VALUES(1, 'Action', '2006-02-15 09:46:27.000');
INSERT INTO category (category_id, name, last_update) VALUES(2, 'Animation', '2006-02-15 09:46:27.000');
INSERT INTO category (category_id, name, last_update) VALUES(4, 'Classics', '2006-02-15 09:46:27.000');
INSERT INTO category (category_id, name, last_update) VALUES(5, 'Comedy', '2006-02-15 09:46:27.000');
INSERT INTO category (category_id, name, last_update) VALUES(6, 'Documentary', '2006-02-15 09:46:27.000');
INSERT INTO category (category_id, name, last_update) VALUES(8, 'Family', '2006-02-15 09:46:27.000');
INSERT INTO category (category_id, name, last_update) VALUES(9, 'Foreign', '2006-02-15 09:46:27.000');
INSERT INTO category (category_id, name, last_update) VALUES(11, 'Horror', '2006-02-15 09:46:27.000');
INSERT INTO category (category_id, name, last_update) VALUES(12, 'Music', '2006-02-15 09:46:27.000');
INSERT INTO category (category_id, name, last_update) VALUES(15, 'Sports', '2006-02-15 09:46:27.000');

INSERT INTO film_category (film_id, category_id, last_update) VALUES(1, 6, '2006-02-15 10:07:09.000');
INSERT INTO film_category (film_id, category_id, last_update) VALUES(2, 11, '2006-02-15 10:07:09.000');
INSERT INTO film_category (film_id, category_id, last_update) VALUES(3, 6, '2006-02-15 10:07:09.000');
INSERT INTO film_category (film_id, category_id, last_update) VALUES(4, 11, '2006-02-15 10:07:09.000');
INSERT INTO film_category (film_id, category_id, last_update) VALUES(5, 8, '2006-02-15 10:07:09.000');
INSERT INTO film_category (film_id, category_id, last_update) VALUES(6, 9, '2006-02-15 10:07:09.000');
INSERT INTO film_category (film_id, category_id, last_update) VALUES(7, 5, '2006-02-15 10:07:09.000');
INSERT INTO film_category (film_id, category_id, last_update) VALUES(8, 11, '2006-02-15 10:07:09.000');
INSERT INTO film_category (film_id, category_id, last_update) VALUES(9, 11, '2006-02-15 10:07:09.000');
INSERT INTO film_category (film_id, category_id, last_update) VALUES(10, 15, '2006-02-15 10:07:09.000');
INSERT INTO film_category (film_id, category_id, last_update) VALUES(11, 9, '2006-02-15 10:07:09.000');
INSERT INTO film_category (film_id, category_id, last_update) VALUES(12, 12, '2006-02-15 10:07:09.000');
INSERT INTO film_category (film_id, category_id, last_update) VALUES(13, 11, '2006-02-15 10:07:09.000');
INSERT INTO film_category (film_id, category_id, last_update) VALUES(15, 9, '2006-02-15 10:07:09.000');
INSERT INTO film_category (film_id, category_id, last_update) VALUES(16, 9, '2006-02-15 10:07:09.000');
INSERT INTO film_category (film_id, category_id, last_update) VALUES(17, 12, '2006-02-15 10:07:09.000');
INSERT INTO film_category (film_id, category_id, last_update) VALUES(18, 2, '2006-02-15 10:07:09.000');
INSERT INTO film_category (film_id, category_id, last_update) VALUES(19, 1, '2006-02-15 10:07:09.000');
INSERT INTO film_category (film_id, category_id, last_update) VALUES(20, 12, '2006-02-15 10:07:09.000');

INSERT INTO film_actor (actor_id, film_id, last_update) VALUES(1, 1, '2006-02-15 10:05:03.000');
INSERT INTO film_actor (actor_id, film_id, last_update) VALUES(2, 3, '2006-02-15 10:05:03.000');
INSERT INTO film_actor (actor_id, film_id, last_update) VALUES(3, 17, '2006-02-15 10:05:03.000');
INSERT INTO film_actor (actor_id, film_id, last_update) VALUES(5, 19, '2006-02-15 10:05:03.000');
INSERT INTO film_actor (actor_id, film_id, last_update) VALUES(10, 1, '2006-02-15 10:05:03.000');
INSERT INTO film_actor (actor_id, film_id, last_update) VALUES(10, 9, '2006-02-15 10:05:03.000');
INSERT INTO film_actor (actor_id, film_id, last_update) VALUES(12, 16, '2006-02-15 10:05:03.000');
INSERT INTO film_actor (actor_id, film_id, last_update) VALUES(12, 17, '2006-02-15 10:05:03.000');
INSERT INTO film_actor (actor_id, film_id, last_update) VALUES(13, 17, '2006-02-15 10:05:03.000');
INSERT INTO film_actor (actor_id, film_id, last_update) VALUES(19, 2, '2006-02-15 10:05:03.000');
INSERT INTO film_actor (actor_id, film_id, last_update) VALUES(19, 3, '2006-02-15 10:05:03.000');
INSERT INTO film_actor (actor_id, film_id, last_update) VALUES(20, 1, '2006-02-15 10:05:03.000');
INSERT INTO film_actor (actor_id, film_id, last_update) VALUES(21, 6, '2006-02-15 10:05:03.000');
INSERT INTO film_actor (actor_id, film_id, last_update) VALUES(22, 9, '2006-02-15 10:05:03.000');
INSERT INTO film_actor (actor_id, film_id, last_update) VALUES(23, 6, '2006-02-15 10:05:03.000');
INSERT INTO film_actor (actor_id, film_id, last_update) VALUES(24, 3, '2006-02-15 10:05:03.000');
INSERT INTO film_actor (actor_id, film_id, last_update) VALUES(25, 21, '2006-02-15 10:05:03.000');
INSERT INTO film_actor (actor_id, film_id, last_update) VALUES(26, 9, '2006-02-15 10:05:03.000');
INSERT INTO film_actor (actor_id, film_id, last_update) VALUES(26, 21, '2006-02-15 10:05:03.000');
INSERT INTO film_actor (actor_id, film_id, last_update) VALUES(27, 19, '2006-02-15 10:05:03.000');




